"election_year","state","office_id","office_name","office_level","office_branch","district_id","district_ocdid","district_name","district_type","parent_district_id","parent_district_name","race_id","race_type","seats_up_for_election","race_url","election_date_id","election_date","election_date_district_type","stage_id","stage","stage_party","is_partisan_primary","stage_is_canceled","stage_is_ranked_choice","stage_write_in_other_votes","candidate_id","person_id","name","first_name","last_name","ballotpedia_url","gender","party_affiliation","is_incumbent","candidate_status","is_write_in","is_withdrawn_still_on_ballot","votes_for","votes_against","delegates_pledged","ranked_choice_voting_round"
2024,"WI","89069","White Lake Village Trustee","Local",NULL,"92914","ocd-division/country:us/state:wi/place:white_lake","White Lake","City-town",NULL,NULL,"136060","Regular",1,NULL,"28166","2024-04-02","State","217724","General",NULL,NULL,"false","false",NULL,"232166","545354","Amanda Lee Hatch","Amanda","Hatch","https://ballotpedia.org/Amanda_Lee_Hatch_(White_Lake_Village_Trustee,_Wisconsin,_candidate_2024)",NULL,"Nonpartisan",NULL,"On the Ballot","false","false",NULL,NULL,NULL,NULL
2024,"MI","124786","Onota Township Board of Trustees At-large","Local","Legislative","108149",NULL,"Onota (Alger County)","City-town",NULL,NULL,"146120","Regular",2,NULL,"26109","2024-11-05","State","256632","General",NULL,NULL,"false","false",NULL,"260168","571738","Jennifer Hough","Jennifer","Hough","https://ballotpedia.org/Jennifer_Hough_(Onota_Township_Board_of_Trustees_At-large,_Michigan,_candidate_2024)",NULL,"Republican Party",NULL,"On the Ballot","false","false",NULL,NULL,NULL,NULL
2024,"WI","88653","Hortonville Village Trustee","Local",NULL,"92487","ocd-division/country:us/state:wi/place:hortonville","Hortonville","City-town",NULL,NULL,"129268","Regular",3,NULL,"28166","2024-04-02","State","215551","General",NULL,NULL,"false","false",NULL,"219073","530911","Jason Abendschein","Jason","Abendschein","https://ballotpedia.org/Jason_Abendschein_(Hortonville_Village_Trustee,_Wisconsin,_candidate_2024)",NULL,"Nonpartisan",NULL,"On the Ballot","false","false",NULL,NULL,NULL,NULL
2024,"IN","82035","Whitko Community School Corporation school board District 1","Local",NULL,"18759",NULL,"Whitko Community School Corporation","School District",NULL,NULL,"163119","Regular",1,NULL,"26101","2024-11-05","State","250311","General",NULL,NULL,"false","false",NULL,"293871","608405","Stephanie Campbell","Stephanie","Campbell","https://ballotpedia.org/Stephanie_Campbell_(Whitko_Community_School_Corporation_school_board_District_1,_Indiana,_candidate_2024)",NULL,"Nonpartisan",NULL,"On the Ballot","false","false",NULL,NULL,NULL,NULL
2024,"GA","116994","Chattooga County Coroner","Local","Executive","11226","ocd-division/country:us/state:ga/county:chattooga","Chattooga","County",NULL,NULL,"137735","Regular",1,NULL,"26319","2024-05-21","State","219943","Primary","Republican Party","true","false","false",NULL,"239004","550953","Jeremy McElhaney","Jeremy","McElhaney","https://ballotpedia.org/Jeremy_McElhaney_(Chattooga_County_Coroner,_Georgia,_candidate_2024)",NULL,"Republican Party",NULL,"On the Ballot","false","false",NULL,NULL,NULL,NULL
2024,"MI","120491","Ingham County Board of Commissioners District 14","Local","Legislative","12075","ocd-division/country:us/state:mi/county:ingham","Ingham","County",NULL,NULL,"144633","Regular",1,NULL,"26109","2024-11-05","State","254467","General",NULL,NULL,"false","false",NULL,"257652","569222","Nikki Wang","Nikki","Wang","https://ballotpedia.org/Nikki_Wang_(Ingham_County_Board_of_Commissioners_District_14,_Michigan,_candidate_2024)",NULL,"Republican Party",NULL,"On the Ballot","false","false",NULL,NULL,NULL,NULL
2024,"AR","111788","Benton County Justice of the Peace District 10","Local","Legislative","10912","ocd-division/country:us/state:ar/county:benton","Benton","County",NULL,NULL,"130466","Regular",1,NULL,"26091","2024-11-05","State","242895","General",NULL,NULL,"false","false",NULL,"222577","534754","Danny McCrackin","Danny","McCrackin","https://ballotpedia.org/Danny_McCrackin_(Benton_County_Justice_of_the_Peace_District_10,_Arkansas,_candidate_2024)",NULL,"Republican Party",NULL,"On the Ballot","false","false",NULL,NULL,NULL,NULL
2024,"MN","82425","Royalton Public School District school board, At-large","Local",NULL,"20693",NULL,"Royalton School District","School District",NULL,NULL,"152855","Regular",3,NULL,"26110","2024-11-05","State","238243","General",NULL,NULL,"false","false",NULL,"273498","587280","Jennifer Randt","Jennifer","Randt","https://ballotpedia.org/Jennifer_Randt_(Royalton_Public_School_District_school_board,_At-large,_Minnesota,_candidate_2024)",NULL,"Nonpartisan",NULL,"On the Ballot","false","false",NULL,NULL,NULL,NULL
2024,"RI","49785","Exeter Town Council","Local",NULL,"103580",NULL,"Exeter (Washington County)","City-town",NULL,NULL,"155451","Regular",1,NULL,"26126","2024-11-05","State","240868","General",NULL,NULL,"false","false",NULL,"279879","593833","Jamie Schiffer","Jamie","Schiffer","https://ballotpedia.org/Jamie_Schiffer_(Exeter_Town_Council,_Rhode_Island,_candidate_2024)",NULL,"Republican Party",NULL,"On the Ballot","false","false",NULL,NULL,NULL,NULL
2024,"AR","132979","Pottsville City Council Ward 1 Position 2","Local","Legislative","65050","ocd-division/country:us/state:ar/place:pottsville","Pottsville","City-town",NULL,NULL,"158345","Regular",1,NULL,"26091","2024-11-05","State","244443","General",NULL,NULL,"false","false",NULL,"284354","598662","Jessica Young","Jessica","Young","https://ballotpedia.org/Jessica_Young_(Pottsville_City_Council_Ward_1_Position_2,_Arkansas,_candidate_2024)",NULL,"Nonpartisan",NULL,"On the Ballot","false","false",NULL,NULL,NULL,NULL
2024,"WI","114848","Washington County Board of Supervisors District 6","Local","Legislative","13943","ocd-division/country:us/state:wi/county:washington","Washington","County",NULL,NULL,"135872","Regular",1,NULL,"28166","2024-04-02","State","217533","General",NULL,NULL,"false","false",NULL,"231864","545052","Doug Neumann","Doug","Neumann","https://ballotpedia.org/Doug_Neumann_(Washington_County_Board_of_Supervisors_District_6,_Wisconsin,_candidate_2024)",NULL,"Nonpartisan",NULL,"On the Ballot","false","false",NULL,NULL,NULL,NULL
2024,"FL","140397","Mayor of Carrabelle","Local","Executive","68018","ocd-division/country:us/state:fl/place:carrabelle","Carrabelle","City-town",NULL,NULL,"169333","Regular",1,NULL,"26096","2024-11-05","State","265229","General",NULL,NULL,"false","false",NULL,"306750","621331","Sebrina Brown","Sebrina","Brown","https://ballotpedia.org/Sebrina_Brown_(Mayor_of_Carrabelle,_Florida,_candidate_2024)",NULL,"Nonpartisan",NULL,"On the Ballot","false","false",NULL,NULL,NULL,NULL
2024,"WI","115192","Mayville Common Council District 2","Local","Legislative","92601","ocd-division/country:us/state:wi/place:mayville","Mayville","City-town",NULL,NULL,"134627","Regular",1,NULL,"28166","2024-04-02","State","216253","General",NULL,NULL,"false","false",NULL,"229839","543023","Joseph Tillmann","Joseph","Tillmann","https://ballotpedia.org/Joseph_Tillmann_(Mayville_Common_Council_District_2,_Wisconsin,_candidate_2024)",NULL,"Nonpartisan",NULL,"On the Ballot","false","false",NULL,NULL,NULL,NULL
2024,"SC","118244","Greenville County Council District 25","Local","Legislative","13227","ocd-division/country:us/state:sc/county:greenville","Greenville","County",NULL,NULL,"139995","Regular",1,NULL,"26127","2024-11-05","State","241422","General",NULL,NULL,"false","false",NULL,"244043","555915","Ennis M. Fant","Ennis","Fant","https://ballotpedia.org/Ennis_M._Fant_(Greenville_County_Council_District_25,_South_Carolina,_candidate_2024)",NULL,"Democratic Party",NULL,"On the Ballot","false","false",NULL,NULL,NULL,NULL
2024,"IL","134016","Massac County Commissioner Board At-large","Local","Legislative","11567","ocd-division/country:us/state:il/county:massac","Massac","County",NULL,NULL,"156802","Regular",1,NULL,"26100","2024-11-05","State","242395","General",NULL,NULL,"false","false",NULL,"282282","596570","Jeff Brugger","Jeff","Brugger","https://ballotpedia.org/Jeff_Brugger_(Massac_County_Commissioner_Board_At-large,_Illinois,_candidate_2024)",NULL,"Republican Party",NULL,"On the Ballot","false","false",NULL,NULL,NULL,NULL
2024,"KY","134805","Edmonton City Council At-large","Local","Legislative","73764","ocd-division/country:us/state:ky/place:edmonton","Edmonton","City-town",NULL,NULL,"158997","Regular",6,NULL,"26104","2024-11-05","State","245242","General",NULL,NULL,"false","false",NULL,"285678","600077","Tommy England","Tommy","England","https://ballotpedia.org/Tommy_England_(Edmonton_City_Council_At-large,_Kentucky,_candidate_2024)",NULL,"Nonpartisan",NULL,"On the Ballot","false","false",NULL,NULL,NULL,NULL
2024,"MI","120867","Cheboygan County Treasurer","Local","Executive","12058","ocd-division/country:us/state:mi/county:cheboygan","Cheboygan","County",NULL,NULL,"143014","Regular",1,NULL,"26109","2024-11-05","State","252304","General",NULL,NULL,"false","false",NULL,"254858","566428","Buffy Jo Weldon","Buffy","Weldon","https://ballotpedia.org/Buffy_Jo_Weldon_(Cheboygan_County_Treasurer,_Michigan,_candidate_2024)",NULL,"Republican Party",NULL,"On the Ballot","false","false",NULL,NULL,NULL,NULL
2024,"CA","127750","Oakdale City Clerk","Local","Executive","66685","ocd-division/country:us/state:ca/place:oakdale","Oakdale","City-town",NULL,NULL,"154715","Regular",1,NULL,"26092","2024-11-05","State","240121","General",NULL,NULL,"false","false",NULL,"277886","591794","Patrick Mondragon","Patrick","Mondragon","https://ballotpedia.org/Patrick_Mondragon_(Oakdale_City_Clerk,_California,_candidate_2024)",NULL,"Nonpartisan",NULL,"On the Ballot","false","false",NULL,NULL,NULL,NULL
2024,"OH","113204","Morrow County Recorder","Local","Executive","12912","ocd-division/country:us/state:oh/county:morrow","Morrow","County",NULL,NULL,"132495","Regular",1,NULL,"28035","2024-03-19","State","214011","Primary","Republican Party","true","false","false",NULL,"226490","539643","Jerry Newell","Jerry","Newell","https://ballotpedia.org/Jerry_Newell_(Morrow_County_Recorder,_Ohio,_candidate_2024)",NULL,"Republican Party",NULL,"On the Ballot","false","false",NULL,NULL,NULL,NULL
2024,"CA","127080","Livermore City Council District 3","Local","Legislative","66481","ocd-division/country:us/state:ca/place:livermore","Livermore","City-town",NULL,NULL,"154382","Regular",1,NULL,"26092","2024-11-05","State","239787","General",NULL,NULL,"false","false",NULL,"277029","590937","Jeff Kaskey","Jeff","Kaskey","https://ballotpedia.org/Jeff_Kaskey_(Livermore_City_Council_District_3,_California,_candidate_2024)",NULL,"Nonpartisan",NULL,"On the Ballot","false","false",NULL,NULL,NULL,NULL
2024,"WY","120246","Rock Springs City Council Ward III","Local","Legislative","93514","ocd-division/country:us/state:wy/place:rock_springs","Rock Springs","City-town",NULL,NULL,"141903","Regular",1,NULL,"26137","2024-11-05","State","250665","General",NULL,NULL,"false","false",NULL,"252922","564338","Larry Hickerson","Larry","Hickerson","https://ballotpedia.org/Larry_Hickerson_(Rock_Springs_City_Council_Ward_III,_Wyoming,_candidate_2024)",NULL,"Nonpartisan",NULL,"On the Ballot","false","false",NULL,NULL,NULL,NULL
2024,"MI","120979","Macomb County Prosecuting Attorney","Local","Executive","12092","ocd-division/country:us/state:mi/county:macomb","Macomb","County",NULL,NULL,"145327","Regular",1,NULL,"26109","2024-11-05","State","255367","General",NULL,NULL,"false","false",NULL,"258850","570420","Christina Hines","Christina","Hines","https://ballotpedia.org/Christina_Hines_(Macomb_County_Prosecuting_Attorney,_Michigan,_candidate_2024)","Female","Democratic Party",NULL,"On the Ballot","false","false",NULL,NULL,NULL,NULL
2024,"MI","123172","Amber Township Treasurer","Local","Executive","107672",NULL,"Amber (Mason County)","City-town",NULL,NULL,"142107","Regular",1,NULL,"28030","2024-08-06","State","226458","Primary","Republican Party","true","false","false",NULL,"253322","564892","Connie L. Anderson","Connie","Anderson","https://ballotpedia.org/Connie_L._Anderson_(Amber_Township_Treasurer,_Michigan,_candidate_2024)",NULL,"Republican Party",NULL,"On the Ballot","false","false",NULL,NULL,NULL,NULL
2024,"SC","131091","Union County Clerk of Court","Local","Executive","13248","ocd-division/country:us/state:sc/county:union","Union","County",NULL,NULL,"156177","Regular",1,NULL,"26127","2024-11-05","State","241763","General",NULL,NULL,"false","false",NULL,"281391","595573","Melanie Lawson","Melanie","Lawson","https://ballotpedia.org/Melanie_Lawson_(Union_County_Clerk_of_Court,_South_Carolina,_candidate_2024)",NULL,"Democratic Party",NULL,"On the Ballot","false","false",NULL,NULL,NULL,NULL
2024,"CA","128052","Marin Municipal Water District Board Division 2","Local","Legislative","11019","ocd-division/country:us/state:ca/county:marin","Marin","County",NULL,NULL,"154443","Regular",1,NULL,"26092","2024-11-05","State","239849","General",NULL,NULL,"false","false",NULL,"277186","591094","Jack Kenney","Jack","Kenney","https://ballotpedia.org/Jack_Kenney_(Marin_Municipal_Water_District_Board_Division_2,_California,_candidate_2024)",NULL,"Nonpartisan",NULL,"On the Ballot","false","false",NULL,NULL,NULL,NULL
2024,"CA","127413","Santa Clara City Council District 4","Local","Legislative","66929","ocd-division/country:us/state:ca/place:santa_clara","Santa Clara","City-town",NULL,NULL,"155056","Regular",1,NULL,"26092","2024-11-05","State","240468","General",NULL,NULL,"false","false",NULL,"278808","592713","Kevin Nara Park","Kevin","Park","https://ballotpedia.org/Kevin_Nara_Park_(Santa_Clara_City_Council_District_4,_California,_candidate_2024)","Male","Nonpartisan",NULL,"On the Ballot","false","false",NULL,NULL,NULL,NULL
2024,"TX","41823","Jim Wells County Commissioner Precinct 3","Local","Legislative","13536","ocd-division/country:us/state:tx/county:jim_wells","Jim Wells","County",NULL,NULL,"167256","Regular",1,NULL,"26130","2024-11-05","State","261741","General",NULL,NULL,"false","false",NULL,"303362","617938","Renee Kirchoff Chapa","Renee","Chapa","https://ballotpedia.org/Renee_Kirchoff_Chapa_(Jim_Wells_County_Commissioner_Precinct_3,_Texas,_candidate_2024)",NULL,"Republican Party",NULL,"On the Ballot","false","false",NULL,NULL,NULL,NULL
2024,"MI","124655","Cottrellville Township Supervisor","Local","Executive","107694",NULL,"Cottrellville (St. Clair County)","City-town",NULL,NULL,"143294","Regular",1,NULL,"28030","2024-08-06","State","227783","Primary","Republican Party","true","false","false",NULL,"255365","566935","Greg Abbey","Greg","Abbey","https://ballotpedia.org/Greg_Abbey_(Cottrellville_Township_Supervisor,_Michigan,_candidate_2024)",NULL,"Republican Party",NULL,"On the Ballot","false","false",NULL,NULL,NULL,NULL
2024,"IN","116220","Porter County Surveyor","Local","Executive","11672","ocd-division/country:us/state:in/county:porter","Porter","County",NULL,NULL,"137090","Regular",1,NULL,"26101","2024-11-05","State","249881","General",NULL,NULL,"false","false",NULL,"237648","549612","Kevin D. Breitzke","Kevin","Breitzke","https://ballotpedia.org/Kevin_D._Breitzke_(Porter_County_Surveyor,_Indiana,_candidate_2024)",NULL,"Democratic Party",NULL,"On the Ballot","false","false",NULL,NULL,NULL,NULL
2024,"CA","1240","Superior Court of San Mateo County Office 3","Local","Judicial","59208",NULL,"Superior Court of San Mateo County, California","Judicial District",NULL,NULL,"130192","Regular",1,NULL,"27139","2024-03-05","State","211230","Primary",NULL,"false","false","false",NULL,"221889","533821","Susan Irene Etezadi","Susan","Etezadi","https://ballotpedia.org/Susan_Irene_Etezadi_(Superior_Court_of_San_Mateo_County,_California,_candidate_2024)",NULL,"Nonpartisan",NULL,"On the Ballot","false","false",NULL,NULL,NULL,NULL
2024,"MI","122030","Onekama Township Clerk","Local","Executive","107723",NULL,"Onekama (Manistee County)","City-town",NULL,NULL,"146113","Regular",1,NULL,"26109","2024-11-05","State","256622","General",NULL,NULL,"false","false",NULL,"260157","571727","Amber Sedelmaier","Amber","Sedelmaier","https://ballotpedia.org/Amber_Sedelmaier_(Onekama_Township_Clerk,_Michigan,_candidate_2024)",NULL,"Republican Party",NULL,"On the Ballot","false","false",NULL,NULL,NULL,NULL
2024,"WI","88617","Greendale Village Trustee","Local",NULL,"92454","ocd-division/country:us/state:wi/place:greendale","Greendale","City-town",NULL,NULL,"133861","Regular",2,NULL,"28166","2024-04-02","State","215462","General",NULL,NULL,"false","false",NULL,"228660","541844","Elaine Unger","Elaine","Unger","https://ballotpedia.org/Elaine_Unger_(Greendale_Village_Trustee,_Wisconsin,_candidate_2024)","Female","Nonpartisan",NULL,"On the Ballot","false","false",NULL,NULL,NULL,NULL
2024,"TX","139734","Southard Farm Municipal Utility District 1 Board At-large","Local","Legislative","13537","ocd-division/country:us/state:tx/county:johnson","Johnson","County",NULL,NULL,"168244","Regular",5,NULL,"26130","2024-11-05","State","262729","General",NULL,NULL,"false","false",NULL,"304891","619461","Gregory S. Anders","Gregory","Anders","https://ballotpedia.org/Gregory_S._Anders_(Southard_Farm_Municipal_Utility_District_1_Board_At-large,_Texas,_candidate_2024)",NULL,"Nonpartisan",NULL,"On the Ballot","false","false",NULL,NULL,NULL,NULL
2024,"WY","137550","Saratoga-Encampment-Rawlins Conservation District At-large Supervisor","Local","Legislative","14007","ocd-division/country:us/state:wy/county:carbon","Carbon","County",NULL,NULL,"163354","Regular",1,NULL,"26137","2024-11-05","State","250669","General",NULL,NULL,"false","false",NULL,"294513","609058","Randy Arnold","Randy","Arnold","https://ballotpedia.org/Randy_Arnold_(Saratoga-Encampment-Rawlins_Conservation_District_At-large_Supervisor,_Wyoming,_candidate_2024)",NULL,"Nonpartisan",NULL,"On the Ballot","false","false",NULL,NULL,NULL,NULL
2024,"OH","21135","Mercer County Commission Term commencing 1/2/2025","Local","Legislative","12907","ocd-division/country:us/state:oh/county:mercer","Mercer","County",NULL,NULL,"132449","Regular",1,NULL,"28035","2024-03-19","State","213959","Primary","Republican Party","true","false","false",NULL,"226426","539579","Andy Schwieterman","Andy","Schwieterman","https://ballotpedia.org/Andy_Schwieterman_(Mercer_County_Commission,_Ohio,_candidate_2024)",NULL,"Republican Party",NULL,"On the Ballot","false","false",NULL,NULL,NULL,NULL
2024,"NC","36361","Randolph Soil and Water Conservation District Board of Supervisors","Local","Legislative","12540","ocd-division/country:us/state:nc/county:randolph","Randolph","County",NULL,NULL,"160408","Regular",1,NULL,"26120","2024-11-05","State","246864","General",NULL,NULL,"false","false",NULL,"289318","603740","Shane Whitaker","Shane","Whitaker","https://ballotpedia.org/Shane_Whitaker_(Randolph_Soil_and_Water_Conservation_District_Board_of_Supervisors,_North_Carolina,_candidate_2024)",NULL,"Nonpartisan",NULL,"On the Ballot","false","false",NULL,NULL,NULL,NULL
2024,"MI","121214","Shiawassee County Clerk","Local","Executive","12118","ocd-division/country:us/state:mi/county:shiawassee","Shiawassee","County",NULL,NULL,"146950","Regular",1,NULL,"28030","2024-08-06","State","231966","Primary","Republican Party","true","false","false",NULL,"261617","573187","Caroline Wilson","Caroline","Wilson","https://ballotpedia.org/Caroline_Wilson_(Shiawassee_County_Clerk,_Michigan,_candidate_2024)",NULL,"Republican Party",NULL,"On the Ballot","false","false",NULL,NULL,NULL,NULL
2024,"NC","34831","Richmond County Board of Commissioners","Local","Legislative","12541","ocd-division/country:us/state:nc/county:richmond","Richmond","County",NULL,NULL,"129817","Regular",3,NULL,"27914","2024-03-05","State","210848","Primary","Republican Party","true","false","false",NULL,"220885","532770","Andy Grooms","Andy","Grooms","https://ballotpedia.org/Andy_Grooms_(Richmond_County_Board_of_Commissioners,_North_Carolina,_candidate_2024)",NULL,"Republican Party",NULL,"On the Ballot","false","false",NULL,NULL,NULL,NULL
2024,"MI","72093","Ishpeming Public School District, At-large","Local","Legislative","20158",NULL,"Ishpeming Public School District","School District",NULL,NULL,"164458","Regular",2,NULL,"26109","2024-11-05","State","254592","General",NULL,NULL,"false","false",NULL,"297387","611971","Bob Nadeau","Bob","Nadeau","https://ballotpedia.org/Bob_Nadeau_(Ishpeming_Public_School_District,_At-large,_Michigan,_candidate_2024)",NULL,"Nonpartisan",NULL,"On the Ballot","false","false",NULL,NULL,NULL,NULL
2024,"MI","124887","Homestead Township Board of Trustees At-large","Local","Legislative","108562",NULL,"Homestead (Benzie County)","City-town",NULL,NULL,"144518","Regular",2,NULL,"26109","2024-11-05","State","254319","General",NULL,NULL,"false","false",NULL,"257449","569019","Shannon K. Purchase","Shannon","Purchase","https://ballotpedia.org/Shannon_K._Purchase_(Homestead_Township_Board_of_Trustees_At-large,_Michigan,_candidate_2024)",NULL,"Republican Party",NULL,"On the Ballot","false","false",NULL,NULL,NULL,NULL
2024,"WI","62456","Hartland-Lakeside J3 School District, At-large","Local",NULL,"27952",NULL,"Hartland-Lakeside Joint No. 3 School District","School District",NULL,NULL,"133909","Regular",3,NULL,"28166","2024-04-02","State","215512","General",NULL,NULL,"false","false",NULL,"228738","541922","Ledia Duvnjak","Ledia","Duvnjak","https://ballotpedia.org/Ledia_Duvnjak_(Hartland-Lakeside_J3_School_District,_At-large,_Wisconsin,_candidate_2024)","Female","Nonpartisan",NULL,"On the Ballot","false","false",NULL,NULL,NULL,NULL
2024,"AR","112045","Hot Spring County Justice of the Peace District 4","Local","Legislative","10938","ocd-division/country:us/state:ar/county:hot_spring","Hot Spring","County",NULL,NULL,"130917","Regular",1,NULL,"26091","2024-11-05","State","243773","General",NULL,NULL,"false","false",NULL,"223174","535352","Darrin Hardy","Darrin","Hardy","https://ballotpedia.org/Darrin_Hardy_(Hot_Spring_County_Justice_of_the_Peace_District_4,_Arkansas,_candidate_2024)",NULL,"Republican Party",NULL,"On the Ballot","false","false",NULL,NULL,NULL,NULL
2024,"GA","11772","Banks County Magistrate Court","Local","Judicial","59571",NULL,"Banks County Magistrate Court","Judicial District",NULL,NULL,"137457","Regular",1,NULL,"28954","2024-05-21","State","219630","General",NULL,NULL,"false","false",NULL,"238570","550519","Ivan Darryl Mote","Ivan","Mote","https://ballotpedia.org/Ivan_Darryl_Mote_(Banks_County_Magistrate_Court,_Georgia,_candidate_2024)",NULL,"Nonpartisan",NULL,"On the Ballot","false","false",NULL,NULL,NULL,NULL
2024,"MI","125814","Watertown Township Board of Trustees At-large","Local","Legislative","107838",NULL,"Watertown (Sanilac County)","City-town",NULL,NULL,"147475","Regular",2,NULL,"26109","2024-11-05","State","258462","General",NULL,NULL,"false","false",NULL,"262559","574129","Rebecca A. Cambridge","Rebecca","Cambridge","https://ballotpedia.org/Rebecca_A._Cambridge_(Watertown_Township_Board_of_Trustees_At-large,_Michigan,_candidate_2024)",NULL,"Republican Party",NULL,"On the Ballot","false","false",NULL,NULL,NULL,NULL
2024,"TX","40892","Deaf Smith County Constable","Local",NULL,"13471","ocd-division/country:us/state:tx/county:deaf_smith","Deaf Smith","County",NULL,NULL,"166628","Regular",1,NULL,"26130","2024-11-05","State","261113","General",NULL,NULL,"false","false",NULL,"302473","617049","Bryan Hedrick","Bryan","Hedrick","https://ballotpedia.org/Bryan_Hedrick_(Deaf_Smith_County_Constable,_Texas,_candidate_2024)",NULL,"Republican Party",NULL,"On the Ballot","false","false",NULL,NULL,NULL,NULL
2024,"MI","120755","Otsego County Board of Commissioners District 6","Local","Legislative","12111","ocd-division/country:us/state:mi/county:otsego","Otsego","County",NULL,NULL,"146221","Regular",1,NULL,"28030","2024-08-06","State","231144","Primary","Republican Party","true","false","false",NULL,"260360","571930","Trevor Burroughs","Trevor","Burroughs","https://ballotpedia.org/Trevor_Burroughs_(Otsego_County_Board_of_Commissioners_District_6,_Michigan,_candidate_2024)",NULL,"Republican Party",NULL,"On the Ballot","false","false",NULL,NULL,NULL,NULL
2024,"MI","121241","Osceola County Surveyor","Local","Executive","12109","ocd-division/country:us/state:mi/county:osceola","Osceola","County",NULL,NULL,"146183","Regular",1,NULL,"28030","2024-08-06","State","231101","Primary","Republican Party","true","false","false",NULL,"260282","571852","Bill Sikkema","Bill","Sikkema","https://ballotpedia.org/Bill_Sikkema_(Osceola_County_Surveyor,_Michigan,_candidate_2024)",NULL,"Republican Party",NULL,"On the Ballot","false","false",NULL,NULL,NULL,NULL
2024,"KY","85384","Floyd County Schools Board of Education District 3","Local",NULL,"19111",NULL,"Floyd County Schools","School District",NULL,NULL,"159033","Regular",1,NULL,"26104","2024-11-05","State","245278","General",NULL,NULL,"false","false",NULL,"285835","600234","William Newsome Jr.","William","Newsome","https://ballotpedia.org/William_Newsome_Jr._(Floyd_County_Schools_Board_of_Education_District_3,_Kentucky,_candidate_2024)",NULL,"Nonpartisan",NULL,"On the Ballot","false","false",NULL,NULL,NULL,NULL
2024,"IN","116054","Tippecanoe County Coroner","Local","Executive","11687","ocd-division/country:us/state:in/county:tippecanoe","Tippecanoe","County",NULL,NULL,"137196","Regular",1,NULL,"28026","2024-05-07","State","219292","Primary","Republican Party","true","false","false",NULL,"237892","549855","Carrie Costello","Carrie","Costello","https://ballotpedia.org/Carrie_Costello_(Tippecanoe_County_Coroner,_Indiana,_candidate_2024)",NULL,"Republican Party",NULL,"On the Ballot","false","false",NULL,NULL,NULL,NULL
2024,"ME","118588","York County Commissioner Board District 5","Local","Legislative","12042","ocd-division/country:us/state:me/county:york","York","County",NULL,NULL,"140491","Regular",1,NULL,"27911","2024-06-11","State","224039","Primary","Democratic Party","true","false","false",NULL,"246137","557531","Richard Clark","Richard","Clark","https://ballotpedia.org/Richard_Clark_(York_County_Commissioner_Board_District_5,_Maine,_candidate_2024)",NULL,"Democratic Party",NULL,"On the Ballot","false","false",NULL,NULL,NULL,NULL
2024,"WI","126207","Oneida County Treasurer","Local","Executive","13920","ocd-division/country:us/state:wi/county:oneida","Oneida","County",NULL,NULL,"147909","Regular",1,NULL,"26136","2024-11-05","State","259001","General",NULL,NULL,"false","false",NULL,"263498","574926","Tara Ostermann","Tara","Ostermann","https://ballotpedia.org/Tara_Ostermann_(Oneida_County_Treasurer,_Wisconsin,_candidate_2024)",NULL,"Republican Party",NULL,"On the Ballot","false","false",NULL,NULL,NULL,NULL
2024,"MI","138384","Vandalia Village Board of Trustees At-large","Local","Legislative","76162","ocd-division/country:us/state:mi/place:vandalia","Vandalia","City-town",NULL,NULL,"165548","Regular",4,NULL,"26109","2024-11-05","State","258300","General",NULL,NULL,"false","false",NULL,"300134","614718","Cassandra Bennett","Cassandra","Bennett","https://ballotpedia.org/Cassandra_Bennett_(Vandalia_Village_Board_of_Trustees_At-large,_Michigan,_candidate_2024)",NULL,"Nonpartisan",NULL,"On the Ballot","false","false",NULL,NULL,NULL,NULL
2024,"MN","53012","Pillager City Council","Local",NULL,"76862","ocd-division/country:us/state:mn/place:pillager","Pillager","City-town",NULL,NULL,"152616","Regular",2,NULL,"26110","2024-11-05","State","237994","General",NULL,NULL,"false","false",NULL,"273055","586837","Jay Personius","Jay","Personius","https://ballotpedia.org/Jay_Personius_(Pillager_City_Council,_Minnesota,_candidate_2024)",NULL,"Nonpartisan",NULL,"On the Ballot","false","false",NULL,NULL,NULL,NULL
2024,"MI","125945","Plymouth Township Board of Trustees At-large","Local","Legislative","107823",NULL,"Plymouth (Wayne County)","City-town",NULL,NULL,"146407","Regular",4,NULL,"26109","2024-11-05","State","257015","General",NULL,NULL,"false","false",NULL,"260692","572262","John C. Stewart","John","Stewart","https://ballotpedia.org/John_C._Stewart_(Plymouth_Township_Board_of_Trustees_At-large,_Michigan,_candidate_2024)",NULL,"Republican Party",NULL,"On the Ballot","false","false",NULL,NULL,NULL,NULL
2024,"IN","118096","South Montgomery Community School Corporation school board Union Township","Local",NULL,"18693",NULL,"Southmont Schools","School District",NULL,NULL,"163006","Regular",1,NULL,"26101","2024-11-05","State","250042","General",NULL,NULL,"false","false",NULL,"293666","608200","Julie J. Hess","Julie","Hess","https://ballotpedia.org/Julie_J._Hess_(South_Montgomery_Community_School_Corporation_school_board_Union_Township,_Indiana,_candidate_2024)",NULL,"Nonpartisan",NULL,"On the Ballot","false","false",NULL,NULL,NULL,NULL
2024,"CA","127685","Mayor of San Ramon","Local","Executive","66923","ocd-division/country:us/state:ca/place:san_ramon","San Ramon","City-town",NULL,NULL,"154540","Regular",1,NULL,"26092","2024-11-05","State","239946","General",NULL,NULL,"false","false",NULL,"277415","591323","Mark H. Armstrong","Mark","Armstrong","https://ballotpedia.org/Mark_H._Armstrong_(Mayor_of_San_Ramon,_California,_candidate_2024)",NULL,"Nonpartisan",NULL,"On the Ballot","false","false",NULL,NULL,NULL,NULL
2024,"WY","137541","North Platte Valley Conservation District At-large Supervisor","Local","Legislative","14011","ocd-division/country:us/state:wy/county:goshen","Goshen","County",NULL,NULL,"163312","Regular",1,NULL,"26137","2024-11-05","State","250604","General",NULL,NULL,"false","false",NULL,"294416","608961","Lucas Moore","Lucas","Moore","https://ballotpedia.org/Lucas_Moore_(North_Platte_Valley_Conservation_District_At-large_Supervisor,_Wyoming,_candidate_2024)",NULL,"Nonpartisan",NULL,"On the Ballot","false","false",NULL,NULL,NULL,NULL
2024,"IN","116635","Clark County Circuit Court Position 5","Local","Judicial","60201",NULL,"Clark County Circuit Court, Indiana","Judicial District",NULL,NULL,"136642","Regular",1,NULL,"28026","2024-05-07","State","218637","Primary","Republican Party","true","false","false",NULL,"236702","548664","Abraham Navarro","Abraham","Navarro","https://ballotpedia.org/Abraham_Navarro_(Clark_County_Circuit_Court_Position_5,_Indiana,_candidate_2024)",NULL,"Republican Party",NULL,"On the Ballot","false","false",NULL,NULL,NULL,NULL
2024,"MI","124429","Barton Township Supervisor","Local","Executive","107962",NULL,"Barton (Newaygo County)","City-town",NULL,NULL,"142329","Regular",1,NULL,"26109","2024-11-05","State","251372","General",NULL,NULL,"false","false",NULL,"253698","565268","Kyle D. Luce","Kyle","Luce","https://ballotpedia.org/Kyle_D._Luce_(Barton_Township_Supervisor,_Michigan,_candidate_2024)",NULL,"Republican Party",NULL,"On the Ballot","false","false",NULL,NULL,NULL,NULL
2024,"NC","35152","Forest City Town Council","Local","Legislative","79243","ocd-division/country:us/state:nc/place:forest_city","Forest City","City-town",NULL,NULL,"160032","Regular",3,NULL,"26120","2024-11-05","State","246410","General",NULL,NULL,"false","false",NULL,"288659","603077","Joey Brandle","Joey","Brandle","https://ballotpedia.org/Joey_Brandle_(Forest_City_Town_Council,_North_Carolina,_candidate_2024)",NULL,"Nonpartisan",NULL,"On the Ballot","false","false",NULL,NULL,NULL,NULL
2024,"MN","119553","Mayor of Austin","Local","Executive","76249","ocd-division/country:us/state:mn/place:austin","Austin","City-town",NULL,NULL,"141048","Regular",1,NULL,"26110","2024-11-05","State","236750","General",NULL,NULL,"false","false",NULL,"249287","559815","Steve King","Steve","King","https://ballotpedia.org/Steve_King_(Mayor_of_Austin,_Minnesota,_candidate_2024)",NULL,"Nonpartisan",NULL,"On the Ballot","false","false",NULL,NULL,NULL,NULL
2024,"AZ","119999","Apache County School Superintendent","Local","Executive","10984","ocd-division/country:us/state:az/county:apache","Apache","County",NULL,NULL,"141542","Regular",1,NULL,"26090","2024-11-05","State","260233","General",NULL,NULL,"false","false",NULL,"251981","563352","Joy Whiting","Joy","Whiting","https://ballotpedia.org/Joy_Whiting_(Apache_County_School_Superintendent,_Arizona,_candidate_2024)",NULL,"Democratic Party",NULL,"On the Ballot","false","false",NULL,NULL,NULL,NULL
2024,"CA","127213","Farmersville City Council At-large","Local","Legislative","66169","ocd-division/country:us/state:ca/place:farmersville","Farmersville","City-town",NULL,NULL,"154104","Regular",2,NULL,"26092","2024-11-05","State","239503","General",NULL,NULL,"false","false",NULL,"276238","590144","Gregorio Gomez","Gregorio","Gomez","https://ballotpedia.org/Gregorio_Gomez_(Farmersville_City_Council_At-large,_California,_candidate_2024)",NULL,"Nonpartisan",NULL,"On the Ballot","false","false",NULL,NULL,NULL,NULL
2024,"MI","124653","Clyde Township Supervisor","Local","Executive","108544",NULL,"Clyde (St. Clair County)","City-town",NULL,NULL,"143187","Regular",1,NULL,"28030","2024-08-06","State","227664","Primary","Republican Party","true","false","false",NULL,"255172","566742","Ernie Manoleas","Ernie","Manoleas","https://ballotpedia.org/Ernie_Manoleas_(Clyde_Township_Supervisor,_Michigan,_candidate_2024)",NULL,"Republican Party",NULL,"On the Ballot","false","false",NULL,NULL,NULL,NULL
2024,"AR","132089","Greenbrier City Council Ward 3 Position 1","Local","Legislative","64839","ocd-division/country:us/state:ar/place:greenbrier","Greenbrier","City-town",NULL,NULL,"157744","Regular",1,NULL,"26091","2024-11-05","State","243590","General",NULL,NULL,"false","false",NULL,"283569","597877","Shad Foley","Shad","Foley","https://ballotpedia.org/Shad_Foley_(Greenbrier_City_Council_Ward_3_Position_1,_Arkansas,_candidate_2024)",NULL,"Independent",NULL,"On the Ballot","false","false",NULL,NULL,NULL,NULL
2024,"MN","54132","Blackberry Township Town Supervisor Seat A","Local",NULL,"107395",NULL,"Blackberry (Itasca County)","City-town",NULL,NULL,"149788","Regular",1,NULL,"26110","2024-11-05","State","235120","General",NULL,NULL,"false","false",NULL,"268221","582004","Lonnie A. Mjolsness","Lonnie","Mjolsness","https://ballotpedia.org/Lonnie_A._Mjolsness_(Blackberry_Township_Town_Supervisor_Seat_A,_Minnesota,_candidate_2024)",NULL,"Nonpartisan",NULL,"On the Ballot","false","false",NULL,NULL,NULL,NULL
2024,"OH","113173","Fulton County Recorder","Local","Executive","12879","ocd-division/country:us/state:oh/county:fulton","Fulton","County",NULL,NULL,"132201","Regular",1,NULL,"26122","2024-11-05","State","259573","General",NULL,NULL,"false","false",NULL,"226058","539209","Wendy S. Hardy","Wendy","Hardy","https://ballotpedia.org/Wendy_S._Hardy_(Fulton_County_Recorder,_Ohio,_candidate_2024)",NULL,"Republican Party",NULL,"On the Ballot","false","false",NULL,NULL,NULL,NULL
2024,"MI","123533","Leonidas Township Treasurer","Local","Executive","108388",NULL,"Leonidas (St. Joseph County)","City-town",NULL,NULL,"145119","Regular",1,NULL,"26109","2024-11-05","State","255112","General",NULL,NULL,"false","false",NULL,"258493","570063","Barry MacDonald","Barry","MacDonald","https://ballotpedia.org/Barry_MacDonald_(Leonidas_Township_Treasurer,_Michigan,_candidate_2024)",NULL,"Republican Party",NULL,"On the Ballot","false","false",NULL,NULL,NULL,NULL
2024,"GA","30301","Glynn County School System school board District 1","Local","Legislative","17027",NULL,"Glynn County School System","School District",NULL,NULL,"138282","Regular",1,NULL,"26319","2024-05-21","State","220540","Primary","Republican Party","true","false","false",NULL,"239811","551749","Jeff Dodgen","Jeff","Dodgen","https://ballotpedia.org/Jeff_Dodgen_(Glynn_County_School_System_school_board_District_1,_Georgia,_candidate_2024)","Male","Republican Party",NULL,"On the Ballot","false","false",NULL,NULL,NULL,NULL
2024,"KY","134744","Pike County Commissioner Board District 3 Unexpired term","Local","Legislative","11903","ocd-division/country:us/state:ky/county:pike","Pike","County",NULL,NULL,"159503","Special",1,NULL,"26104","2024-11-05","State","245768","General",NULL,NULL,"false","false",NULL,"287226","601625","J.F. Lewis","J.F.","Lewis","https://ballotpedia.org/J.F._Lewis_(Pike_County_Commissioner_Board_District_3,_Kentucky,_candidate_2024)",NULL,"Republican Party",NULL,"On the Ballot","false","false",NULL,NULL,NULL,NULL
2024,"IN","116485","Johnson County Council At-large","Local","Legislative","11649","ocd-division/country:us/state:in/county:johnson","Johnson","County",NULL,NULL,"136901","Regular",3,NULL,"28026","2024-05-07","State","218938","Primary","Democratic Party","true","false","false",NULL,"237247","549209","Michael Chiappetta","Michael","Chiappetta","https://ballotpedia.org/Michael_Chiappetta_(Johnson_County_Council_At-large,_Indiana,_candidate_2024)",NULL,"Democratic Party",NULL,"On the Ballot","false","false",NULL,NULL,NULL,NULL
2024,"MI","124860","Maple Grove Township Board of Trustees At-large","Local","Legislative","108734",NULL,"Maple Grove (Barry County)","City-town",NULL,NULL,"145386","Regular",2,NULL,"26109","2024-11-05","State","255439","General",NULL,NULL,"false","false",NULL,"258948","570518","Steve Gauss","Steve","Gauss","https://ballotpedia.org/Steve_Gauss_(Maple_Grove_Township_Board_of_Trustees_At-large,_Michigan,_candidate_2024)",NULL,"Republican Party",NULL,"On the Ballot","false","false",NULL,NULL,NULL,NULL
2024,"KY","135103","Sparta City Commission At-large","Local","Legislative","74079","ocd-division/country:us/state:ky/place:sparta","Sparta","City-town",NULL,NULL,"159614","Regular",4,NULL,"26104","2024-11-05","State","245881","General",NULL,NULL,"false","false",NULL,"287610","602003","Dale Samuel","Dale","Samuel","https://ballotpedia.org/Dale_Samuel_(Sparta_City_Commission_At-large,_Kentucky,_candidate_2024)",NULL,"Nonpartisan",NULL,"On the Ballot","false","false",NULL,NULL,NULL,NULL
2024,"RI","49695","Woonsocket City Council At-large","Local","Legislative","87529","ocd-division/country:us/state:ri/place:woonsocket","Woonsocket","City-town",NULL,NULL,"155569","Regular",1,NULL,"26126","2024-11-05","State","241001","General",NULL,NULL,"false","false",NULL,"280276","594240","Shahbaz Raja","Shahbaz","Raja","https://ballotpedia.org/Shahbaz_Raja_(Woonsocket_City_Council_At-large,_Rhode_Island,_candidate_2024)",NULL,"Nonpartisan",NULL,"On the Ballot","false","false",NULL,NULL,NULL,NULL
2024,"MI","72059","Grant Public School District, At-large","Local","Legislative","20110","ocd-division/country:us/state:mi/county:newaygo/school_district:grant_public_school_district","Grant Public School District","School District",NULL,NULL,"164287","Regular",2,NULL,"26109","2024-11-05","State","253845","General",NULL,NULL,"false","false",NULL,"296925","611509","Jim Renney","Jim","Renney","https://ballotpedia.org/Jim_Renney_(Grant_Public_School_District,_At-large,_Michigan,_candidate_2024)",NULL,"Nonpartisan",NULL,"On the Ballot","false","false",NULL,NULL,NULL,NULL
2024,"MI","138540","Emmett Village Board of Trustees At-large","Local","Legislative","75729","ocd-division/country:us/state:mi/place:emmett","Emmett","City-town",NULL,NULL,"164127","Regular",4,NULL,"26109","2024-11-05","State","253225","General",NULL,NULL,"false","false",NULL,"296497","611081","Joseph Yeskey","Joseph","Yeskey","https://ballotpedia.org/Joseph_Yeskey_(Emmett_Village_Board_of_Trustees_At-large,_Michigan,_candidate_2024)",NULL,"Nonpartisan",NULL,"On the Ballot","false","false",NULL,NULL,NULL,NULL
2024,"TX","42272","San Jacinto County Constable Precinct 2","Local",NULL,"13615","ocd-division/country:us/state:tx/county:san_jacinto","San Jacinto","County",NULL,NULL,"168125","Regular",1,NULL,"26130","2024-11-05","State","262610","General",NULL,NULL,"false","false",NULL,"304708","619278","Ray Atchley","Ray","Atchley","https://ballotpedia.org/Ray_Atchley_(San_Jacinto_County_Constable_Precinct_2,_Texas,_candidate_2024)",NULL,"Republican Party",NULL,"On the Ballot","false","false",NULL,NULL,NULL,NULL
2024,"WY","137529","Lingle-Ft. Laramie Conservation District At-large Supervisor","Local","Legislative","14011","ocd-division/country:us/state:wy/county:goshen","Goshen","County",NULL,NULL,"163272","Regular",1,NULL,"26137","2024-11-05","State","250537","General",NULL,NULL,"false","false",NULL,"294300","608845","David Johnson","David","Johnson","https://ballotpedia.org/David_Johnson_(Lingle-Ft._Laramie_Conservation_District_At-large_Supervisor,_Wyoming,_candidate_2024)",NULL,"Nonpartisan",NULL,"On the Ballot","false","false",NULL,NULL,NULL,NULL
2024,"TX","75784","Gustine Independent School District, At-large","Local",NULL,"26552",NULL,"Gustine Independent School District","School District",NULL,NULL,"166966","Regular",4,NULL,"26130","2024-11-05","State","261451","General",NULL,NULL,"false","false",NULL,"302961","617537","Kenneth Braim","Kenneth","Braim","https://ballotpedia.org/Kenneth_Braim_(Gustine_Independent_School_District,_At-large,_Texas,_candidate_2024)",NULL,"Nonpartisan",NULL,"On the Ballot","false","false",NULL,NULL,NULL,NULL
2024,"FL","50380","Plantation Acres Improvement District","Local",NULL,"68566","ocd-division/country:us/state:fl/place:plantation","Plantation","City-town",NULL,NULL,"169454","Regular",2,NULL,"26096","2024-11-05","State","265350","General",NULL,NULL,"false","false",NULL,"307033","621614","Scott Brackney","Scott","Brackney","https://ballotpedia.org/Scott_Brackney_(Plantation_Acres_Improvement_District,_Florida,_candidate_2024)",NULL,"Nonpartisan",NULL,"On the Ballot","false","false",NULL,NULL,NULL,NULL
2024,"GA","46384","Terrell County School District school board, District 2","Local","Legislative","17105",NULL,"Terrell County School District","School District",NULL,NULL,"139118","Regular",1,NULL,"28954","2024-05-21","State","221471","General",NULL,NULL,"false","false",NULL,"241108","553062","Michael Barney Oxford","Michael","Oxford","https://ballotpedia.org/Michael_Barney_Oxford_(Terrell_County_School_District_school_board,_District_2,_Georgia,_candidate_2024)",NULL,"Nonpartisan",NULL,"On the Ballot","false","false",NULL,NULL,NULL,NULL
2024,"OK","110370","Ponca City City Council, Commissioner 2","Local","Legislative","84888","ocd-division/country:us/state:ok/place:ponca_city","Ponca City","City-town",NULL,NULL,"128615","Regular",1,NULL,"28603","2024-02-13","State","208233","Primary",NULL,"false","false","false",NULL,"217030","529297","Stephanie Austin","Stephanie","Austin","https://ballotpedia.org/Stephanie_Austin_(Ponca_City_City_Council,_Commissioner_2,_Oklahoma,_candidate_2024)",NULL,"Nonpartisan",NULL,"On the Ballot","false","false",NULL,NULL,NULL,NULL
2024,"MI","122562","Moffatt Township Treasurer","Local","Executive","108273",NULL,"Moffatt (Arenac County)","County subdivision","12048","Arenac","145733","Regular",1,NULL,"28030","2024-08-06","State","230580","Primary","Republican Party","true","false","false",NULL,"259493","571063","Kevin Kaczmarek","Kevin","Kaczmarek","https://ballotpedia.org/Kevin_Kaczmarek_(Moffatt_Township_Treasurer,_Michigan,_candidate_2024)",NULL,"Republican Party",NULL,"On the Ballot","false","false",NULL,NULL,NULL,NULL
2024,"AR","131747","Holiday Island City Recorder/Treasurer","Local","Executive","64876","ocd-division/country:us/state:ar/place:holiday_island","Holiday Island","City-town",NULL,NULL,"157856","Regular",1,NULL,"26091","2024-11-05","State","243736","General",NULL,NULL,"false","false",NULL,"283709","598020","Wesley Emil Stille","Wesley","Stille","https://ballotpedia.org/Wesley_Emil_Stille_(Holiday_Island_City_Recorder/Treasurer,_Arkansas,_candidate_2024)",NULL,"Nonpartisan",NULL,"On the Ballot","false","false",NULL,NULL,NULL,NULL
2024,"WI","114458","Ozaukee County Board of Supervisors District 10","Local","Legislative","13922","ocd-division/country:us/state:wi/county:ozaukee","Ozaukee","County",NULL,NULL,"134995","Regular",1,NULL,"28166","2024-04-02","State","216626","General",NULL,NULL,"false","false",NULL,"230437","543623","Doug Johnson","Doug","Johnson","https://ballotpedia.org/Doug_Johnson_(Ozaukee_County_Board_of_Supervisors_District_10,_Wisconsin,_candidate_2024)",NULL,"Nonpartisan",NULL,"On the Ballot","false","false",NULL,NULL,NULL,NULL
2024,"WI","126198","Monroe County Treasurer","Local","Executive","13918","ocd-division/country:us/state:wi/county:monroe","Monroe","County",NULL,NULL,"147901","Regular",1,NULL,"27916","2024-08-13","State","233023","Primary","Republican Party","true","false","false",NULL,"263490","574918","Mindy Hemmersbach","Mindy","Hemmersbach","https://ballotpedia.org/Mindy_Hemmersbach_(Monroe_County_Treasurer,_Wisconsin,_candidate_2024)",NULL,"Republican Party",NULL,"On the Ballot","false","false",NULL,NULL,NULL,NULL
2024,"IA","136913","Red Oak Township Trustee Board (Cedar County)","Local","Legislative","123861",NULL,"Red Oak (Cedar County)","City-town",NULL,NULL,"162066","Regular",2,NULL,"26102","2024-11-05","State","248514","General",NULL,NULL,"false","false",NULL,"291970","606490","Michael Moes","Michael","Moes","https://ballotpedia.org/Michael_Moes_(Red_Oak_Township_Trustee_Board_(Cedar_County),_Iowa,_candidate_2024)",NULL,"Nonpartisan",NULL,"On the Ballot","false","false",NULL,NULL,NULL,NULL
2024,"MI","124807","Saugatuck Township Board of Trustees At-large","Local","Legislative","108638",NULL,"Saugatuck (Allegan County)","City-town",NULL,NULL,"146814","Regular",2,NULL,"28030","2024-08-06","State","231817","Primary","Democratic Party","true","false","false",NULL,"261399","572969","Stacey Aldrich","Stacey","Aldrich","https://ballotpedia.org/Stacey_Aldrich_(Saugatuck_Township_Board_of_Trustees_At-large,_Michigan,_candidate_2024)",NULL,"Democratic Party",NULL,"On the Ballot","false","false",NULL,NULL,NULL,NULL
2024,"AR","131999","Bryant City Council Ward 3 Position 1","Local","Legislative","64707","ocd-division/country:us/state:ar/place:bryant","Bryant","City-town",NULL,NULL,"157359","Regular",1,NULL,"26091","2024-11-05","State","243003","General",NULL,NULL,"false","false",NULL,"283077","597387","Butch Higginbotham","Butch","Higginbotham","https://ballotpedia.org/Butch_Higginbotham_(Bryant_City_Council_Ward_3_Position_1,_Arkansas,_candidate_2024)",NULL,"Nonpartisan",NULL,"On the Ballot","false","false",NULL,NULL,NULL,NULL
2024,"MI","125326","Orange Township Board of Trustees At-large","Local","Legislative","108489",NULL,"Orange (Kalkaska County)","City-town",NULL,NULL,"146139","Regular",2,NULL,"26109","2024-11-05","State","256660","General",NULL,NULL,"false","false",NULL,"260205","571775","Susan D. Ball","Susan","Ball","https://ballotpedia.org/Susan_D._Ball_(Orange_Township_Board_of_Trustees_At-large,_Michigan,_candidate_2024)",NULL,"Republican Party",NULL,"On the Ballot","false","false",NULL,NULL,NULL,NULL
2024,"TX","139792","Maverick County Hospital District Board At-large","Local","Legislative","13570","ocd-division/country:us/state:tx/county:maverick","Maverick","County",NULL,NULL,"167598","Regular",3,NULL,"26130","2024-11-05","State","262083","General",NULL,NULL,"false","false",NULL,"303878","618454","Rebecca Johnson","Rebecca","Johnson","https://ballotpedia.org/Rebecca_Johnson_(Maverick_County_Hospital_District_Board_At-large,_Texas,_candidate_2024)",NULL,"Nonpartisan",NULL,"On the Ballot","false","false",NULL,NULL,NULL,NULL
2024,"AR","126580","Newport City Council Ward 2 Seat 2","Local","Legislative","65002","ocd-division/country:us/state:ar/place:newport","Newport","City-town",NULL,NULL,"131280","Regular",1,NULL,"26318","2024-03-05","State","212572","Primary","Republican Party","true","false","false",NULL,"223632","535823","Michael W. Allen Jr.","Michael","Allen","https://ballotpedia.org/Michael_W._Allen_Jr._(Newport_City_Council_Ward_2_Seat_2,_Arkansas,_candidate_2024)",NULL,"Republican Party",NULL,"On the Ballot","false","false",NULL,NULL,NULL,NULL
2024,"CA","128017","Humboldt Community Services District Board At-large","Local","Legislative","11010","ocd-division/country:us/state:ca/county:humboldt","Humboldt","County",NULL,NULL,"154245","Regular",3,NULL,"26092","2024-11-05","State","239645","General",NULL,NULL,"false","false",NULL,"276659","590565","Alan Bongio","Alan","Bongio","https://ballotpedia.org/Alan_Bongio_(Humboldt_Community_Services_District_Board_At-large,_California,_candidate_2024)",NULL,"Nonpartisan",NULL,"On the Ballot","false","false",NULL,NULL,NULL,NULL
2024,"GA","117484","Lamar County Commissioner Board District 4","Local","Legislative","11284","ocd-division/country:us/state:ga/county:lamar","Lamar","County",NULL,NULL,"138543","Regular",1,NULL,"26097","2024-11-05","State","264173","General",NULL,NULL,"false","false",NULL,"240222","552160","Truman Boyle","Truman","Boyle","https://ballotpedia.org/Truman_Boyle_(Lamar_County_Commissioner_Board_District_4,_Georgia,_candidate_2024)",NULL,"Republican Party",NULL,"On the Ballot","false","false",NULL,NULL,NULL,NULL
2024,"CA","127059","Blue Lake City Council At-large","Local","Legislative","65838","ocd-division/country:us/state:ca/place:blue_lake","Blue Lake","City-town",NULL,NULL,"153752","Regular",3,NULL,"26092","2024-11-05","State","239146","General",NULL,NULL,"false","false",NULL,"275264","589170","Christopher Guy Firor","Christopher","Firor","https://ballotpedia.org/Christopher_Guy_Firor_(Blue_Lake_City_Council_At-large,_California,_candidate_2024)",NULL,"Nonpartisan",NULL,"On the Ballot","false","false",NULL,NULL,NULL,NULL
2024,"CA","127114","Atwater City Council District 1","Local","Legislative","65772","ocd-division/country:us/state:ca/place:atwater","Atwater","City-town",NULL,NULL,"153681","Regular",1,NULL,"26092","2024-11-05","State","239075","General",NULL,NULL,"false","false",NULL,"275042","588948","John G. Cale","John","Cale","https://ballotpedia.org/John_G._Cale_(Atwater_City_Council_District_1,_California,_candidate_2024)",NULL,"Nonpartisan",NULL,"On the Ballot","false","false",NULL,NULL,NULL,NULL
2024,"TX","139467","Gatesville City Council Ward 2 Place 6","Local","Legislative","89302","ocd-division/country:us/state:tx/place:gatesville","Gatesville","City-town",NULL,NULL,"166875","Regular",1,NULL,"26130","2024-11-05","State","261360","General",NULL,NULL,"false","false",NULL,"302827","617403","Willie Joe Taylor","Willie","Taylor","https://ballotpedia.org/Willie_Joe_Taylor_(Gatesville_City_Council_Ward_2_Place_6,_Texas,_candidate_2024)",NULL,"Nonpartisan",NULL,"On the Ballot","false","false",NULL,NULL,NULL,NULL
2024,"WI","115007","Waukesha County Circuit Court Branch 2","Local","Judicial","63678",NULL,"Waukesha County Circuit Court, Wisconsin","Judicial District",NULL,NULL,"135918","Regular",1,NULL,"28166","2024-04-02","State","217579","General",NULL,NULL,"false","false",NULL,"231933","545121","Jennifer Dorow","Jennifer","Dorow","https://ballotpedia.org/Jennifer_Dorow_(Waukesha_County_Circuit_Court_Branch_2,_Wisconsin,_candidate_2024)",NULL,"Nonpartisan",NULL,"On the Ballot","false","false",NULL,NULL,NULL,NULL
2024,"IA","136513","Elk River Township Trustee Board (Clinton County)","Local","Legislative","122638",NULL,"Elk River (Clinton County)","City-town",NULL,NULL,"161181","Regular",2,NULL,"26102","2024-11-05","State","247629","General",NULL,NULL,"false","false",NULL,"290491","605011","Gary L. Cassady","Gary","Cassady","https://ballotpedia.org/Gary_L._Cassady_(Elk_River_Township_Trustee_Board_(Clinton_County),_Iowa,_candidate_2024)",NULL,"Nonpartisan",NULL,"On the Ballot","false","false",NULL,NULL,NULL,NULL
2024,"MI","125937","Webster Township Board of Trustees At-large","Local","Legislative","107613",NULL,"Webster (Washtenaw County)","City-town",NULL,NULL,"147525","Regular",4,NULL,"28030","2024-08-06","State","232621","Primary","Democratic Party","true","false","false",NULL,"262643","574213","Jeff Harms","Jeff","Harms","https://ballotpedia.org/Jeff_Harms_(Webster_Township_Board_of_Trustees_At-large,_Michigan,_candidate_2024)",NULL,"Democratic Party",NULL,"On the Ballot","false","false",NULL,NULL,NULL,NULL
