name,short_name,district,state,district_name,district_type,ocdid,election_date,status,type,topics,summary,yes_vote,no_vote,yes_votes_total,no_votes_total,ballot_question,source,url
"Wisconsin Question 1, Prohibit Legislature from Delegating Appropriations Power Amendment (August 2024)",Question 1,562,WI,Wisconsin,State,ocd-division/country:us/state:wi,2024-08-13,Defeated,Legislatively referred constitutional amendment,State legislatures measures,Prohibit the legislature from delegating its power to appropriate money,"<p>A ""<strong>yes</strong>"" vote <u>supported</u>&nbsp;amending the state constitution to&nbsp;prohibit the legislature from delegating its power to appropriate money.</p>","<p>A ""<strong>no</strong>"" vote <u>opposed</u>&nbsp;amending the state constitution to prohibit the legislature from delegating its power to appropriate money.</p>",521191,703607,<p>Shall section 35 (1) of article IV of the constitution be created to provide that the legislature may not delegate its sole power to determine how moneys shall be appropriated?</p>,https://www.nytimes.com/interactive/2024/08/13/us/elections/results-wisconsin-primary.html,"https://ballotpedia.org/Wisconsin_Question_1,_Prohibit_Legislature_from_Delegating_Appropriations_Power_Amendment_(August_2024)"
New Mexico County Officer Salaries Amendment (2024),County Officer Salaries Amendment,543,NM,New Mexico,State,ocd-division/country:us/state:nm,2024-11-05,On the ballot,Legislatively referred constitutional amendment,Salaries of government officials,Authorize the board of county commissioners to set salaries for county officers and clarify that fees collected by the county are to be deposited into the county treasury,"<p>A ""<strong>yes</strong>"" vote <u>supports</u> amending the state constitution to&nbsp;authorize the board of county commissioners to set salaries for county officers and clarify that fees collected by the county are to be deposited into the county treasury.</p>","<p>A ""<strong>no</strong>"" vote <u>opposes</u>&nbsp;amending the state constitution to authorize the board of county commissioners to set salaries for county officers, thereby maintaining that the state legislature sets the salaries of county officers.</p>",,,,,https://ballotpedia.org/New_Mexico_County_Officer_Salaries_Amendment_(2024)
"South Dakota Constitutional Amendment G, Right to Abortion Initiative (2024)",Constitutional Amendment G,554,SD,South Dakota,State,ocd-division/country:us/state:sd,2024-11-05,On the ballot,Initiated constitutional amendment,Abortion,Provide a state constitutional right to abortion with a trimester framework for regulations,"<p>A <strong>""yes""</strong> vote <u>supports</u>&nbsp;providing for a state constitutional right to abortion in South Dakota, using a trimester framework for regulation:</p><ul><li>During the first trimester, the state would be prohibited from regulating a woman's decision to have an abortion;</li><li>During the second trimester, the state may regulate abortion, but ""only in ways that are reasonably related to the physical health of the pregnant woman;"" and</li><li>During the third trimester, the state may regulate or prohibit abortion, except ""when abortion is necessary, in the medical judgment of the woman's physician, to preserve the life and health of the pregnant woman.""</li></ul>","<p>A <strong>""no""</strong> vote <u>opposes</u>&nbsp;providing for a state constitutional right to abortion in South Dakota, using a trimester framework for regulation.</p>",,,,,"https://ballotpedia.org/South_Dakota_Constitutional_Amendment_G,_Right_to_Abortion_Initiative_(2024)"
"Arizona Proposition 135, Emergency Declarations Amendment (2024)",Proposition 135,514,AZ,Arizona,State,ocd-division/country:us/state:az,2024-11-05,On the ballot,Legislatively referred constitutional amendment,State executive official measures,"Provide for the legislature to terminate a state of emergency or alter the emergency powers of the governor during the state of emergency, and provide for any emergency powers granted to the governor to automatically terminate 30 days after the state of emergency is proclaimed, unless the state legislature extends the emergency powers granted to the governor, and except in cases for a state of war emergency or an emergency arising from a flood or a fire","<p>A <strong>""yes""</strong> vote <u>supports</u> providing for the state legislature to terminate a state of emergency or alter the emergency powers granted to the governor during a state of emergency, and providing for a state of emergency to automatically terminate 30 days after it is declared unless the state legislature extends the emergency powers granted to the governor, except in cases&nbsp;for a state of war emergency or an emergency arising from a flood or a fire.</p>","<p>A <span style=""font-weight: 700;"">""no""</span> vote <u>opposes</u> providing for the state legislature to terminate a state of emergency or alter the emergency powers granted to the governor during a state of emergency and providing for a state of emergency to automatically terminate 30 days after it is declared unless the state legislature extends the emergency powers granted to the governor, except in cases&nbsp;for a state of war emergency or an emergency arising from a flood or a fire.<br></p>",,,,,"https://ballotpedia.org/Arizona_Proposition_135,_Emergency_Declarations_Amendment_(2024)"
"North Dakota Constitutional Measure 2, Single-Subject Requirement for Initiatives and Require Constitutional Initiatives to be Passed Twice Amendment (2024)",Constitutional Measure 2,546,ND,North Dakota,State,ocd-division/country:us/state:nd,2024-11-05,On the ballot,Legislatively referred constitutional amendment,Direct democracy measures,Establish a single-subject rule for initiatives; increase the signature requirement for constitutional initiatives; and require constitutional initiatives to be approved at two elections,"<p>A ""<strong>yes</strong>"" vote <u>supports</u> this constitutional amendment to:&nbsp;</p><ul><li>establish a single-subject rule for initiatives (both statutory and constitutional), as determined by the secretary of state;</li><li>increase the signature requirement for constitutional amendment initiatives from 4% of the resident population to 5% of the resident population of the state; and</li><li>require proposed constitutional initiatives that have qualified for the ballot to be placed on the next primary election ballot, and, if approved, be placed on the next general election ballot, where it must be approved again to become effective.</li></ul>","<p>A ""<strong>no</strong>"" vote <u>opposes</u>&nbsp;this constitutional amendment to adopt a single-subject rule for initiatives and make changes&nbsp;to the signature requirement and election process for citizen-initiated constitutional initiatives.</p>",,,,,"https://ballotpedia.org/North_Dakota_Constitutional_Measure_2,_Single-Subject_Requirement_for_Initiatives_and_Require_Constitutional_Initiatives_to_be_Passed_Twice_Amendment_(2024)"
"Maine Question 5, State Flag Referendum (2024)",Question 5,531,ME,Maine,State,ocd-division/country:us/state:me,2024-11-05,On the ballot,Legislatively referred state statute,Motto and symbols,Replace the Maine state flag with a flag consisting of a pine tree and the North Star on a buff background,"<p>A ""<strong>yes</strong>"" vote <u>supports</u> replacing the existing state flag with a flag consisting of a pine tree and the North Star on a buff (light tan) background, often called the Pine Tree Flag.</p>","<p>A ""<span style=""font-weight: 700;"">no</span>"" vote <u>opposes</u>&nbsp;changing the Maine state flag design.<br></p>",,,"<p>""Do you favor making the former state flag, replaced as the official flag of the State in 1909 and commonly known as the Pine Tree Flag, the official flag of the State?""</p>",,"https://ballotpedia.org/Maine_Question_5,_State_Flag_Referendum_(2024)"
Georgia Creation of Tax Court Amendment (2024),Creation of Tax Court Amendment,522,GA,Georgia,State,ocd-division/country:us/state:ga,2024-11-05,On the ballot,Legislatively referred constitutional amendment,Taxes; State judiciary,,"<p>A ""<strong>yes</strong>"" vote <u>supports</u> creating the Georgia Tax Court to have concurrent jurisdiction with superior courts.</p>","<p>A ""<strong>no</strong>"" vote <u>opposes</u> creating the Georgia Tax Court.</p>",,,"Shall the Constitution of Georgia be amended so as to provide for the Georgia Tax Court to be vested with the judicial power of the state and to have venue, judges, and jurisdiction concurrent with superior courts?",,https://ballotpedia.org/Georgia_Creation_of_Tax_Court_Amendment_(2024)
Idaho Top-Four Ranked-Choice Voting Initiative (2024),Top-Four Ranked-Choice Voting Initiative,524,ID,Idaho,State,ocd-division/country:us/state:id,2024-11-05,On the ballot,Initiated state statute,Electoral systems,"Replace partisan primaries with open top-four primaries for the U.S. Senate, the U.S. House of Representatives, state legislature, elective state office, and county elective office; and establish ranked-choice voting for general elections, in which voters would rank the candidates","<p>A ""<strong>yes</strong>"" vote <u>supports</u>&nbsp;establishing open top-four primaries and ranked-choice voting for general elections, which would apply to congressional, gubernatorial, and state and county elected offices.</p>","<p>A ""<strong>no</strong>"" vote <u>opposes</u> establishing open top-four primaries and ranked-choice voting for general elections, which would apply to congressional, gubernatorial, and state and county elected offices.</p>",,,<p>Measure to (1) replace voter selection of party nominees with a top-four primary; (2) require a ranked-choice voting system for general elections.</p>,,https://ballotpedia.org/Idaho_Top-Four_Ranked-Choice_Voting_Initiative_(2024)
"Ohio Issue 1, Establish the Citizens Redistricting Commission Initiative (2024)",Issue 1,547,OH,Ohio,State,ocd-division/country:us/state:oh,2024-11-05,On the ballot,Initiated constitutional amendment,Redistricting measures,"Establish the Ohio Citizens Redistricting Commission (CRC), a 15-member non-politician commission responsible for adopting state legislative and congressional redistricting plans","<p>A <strong>""yes""</strong> vote <u>supports</u>&nbsp;establishing the Ohio Citizens Redistricting Commission (CRC), a 15-member <a href=""https://ballotpedia.org/Redistricting_commissions"" target=""_self"">non-politician commission</a> responsible for adopting state legislative and congressional redistricting plans.</p>","<p>A <strong>""no""</strong> vote <u>opposes</u> establishing the Ohio Citizens Redistricting Commission (CRC), thus keeping the Ohio Redistricting Commission, a <a href=""https://ballotpedia.org/Redistricting_commissions"" target=""_self"">politician commission</a> established in 2015 for state legislative districts, and the process established for congressional districts in 2018.</p>",,,"<p style=""text-align: center; ""><strong>Issue 1</strong></p><p style=""text-align: center; ""><strong>To create an appointed redistricting commission not elected by or subject to removal by the voters of the state<br></strong></p><p style=""text-align: center; ""><strong>Proposed Constitutional Amendment</strong></p><p style=""text-align: center; ""><strong>Proposed by Initiative Petition</strong></p><p style=""text-align: center; ""><strong>To repeal Sections 1, 2, 3, 4, 5, 6, 7, 8, 9 and 10 of Article XI,&nbsp;</strong></p><p style=""text-align: center; ""><strong>Repeal sections 1, 2 and 3 of Article XIX,</strong></p><p style=""text-align: center; ""><strong>And enact Sections 1, 2, 3, 4, 5, 6, 7, 8, 9, 10, 11 and 12 of Article XX of the Constitution of the State of Ohio</strong></p><p style=""text-align: center; ""><strong>A majority yes vote is necessary for the amendment to pass.</strong></p><p>The proposed amendment would:</p><p>1. Repeal constitutional protections against gerrymandering approved by nearly three-quarters of Ohio electors participating in the statewide elections of 2015 and 2018, and eliminate the longstanding ability of Ohio citizens to hold their representatives accountable for establishing fair state legislative and congressional districts.</p><p>2. Establish a new taxpayer-funded commission of appointees required to gerrymander the boundaries of state legislative and congressional districts to favor the two largest political parties in the state of Ohio, according to a formula based on partisan outcomes as the dominant factor, so that:</p><p>A. Each district shall contain single-member districts that are geographically contiguous, but state legislative and congressional districts will no longer be required to be compact; and</p><p>B. Counties, townships and cities throughout Ohio can be split and divided across multiple districts, and preserving communities of interest will be secondary to the formula that is based on partisan political outcomes.</p><p>3. Require that a majority of the partisan commission members belong to the state's two largest political parties.</p><p>4. Prevent a commission member from being removed, except by a vote of their fellow commission members, even for incapacity, willful neglect of duty or gross misconduct.</p><p>5. Prohibit any citizen from filing a lawsuit challenging a redistricting plan in any court, except if the lawsuit challenges the proportionality standard applied by the&nbsp;commission, and then only before the Ohio Supreme Court.</p><p>6. Create the following process for appointing commission members: Four partisan appointees on the Ohio Ballot Board will choose a panel of 4 partisan retired judges (2 affiliated with the first major political party and 2 affiliated with the second major political party). Provide that the 4 legislative appointees of the Ohio Ballot Board would be responsible for appointing the panel members as follows: the Ballot Board legislative appointees affiliated with the same major political party would select 8 applicants and present those to the Ballot Board legislative appointees affiliated with the other major political party, who would then select 2 persons from the 8 for appointment to the panel, resulting in 4 panel appointees. The panel would then hire a private professional search firm to help them choose 6 of the 15 individuals on the commission. The panel will choose those 6 individuals by initially creating a pool of 90 individuals (30 from the first major political party, 30 from the second major political party, and 30 from neither the first nor second major political parties). The panel of 4 partisan retired judges will create a portal for public comment on the applicants and will conduct and publicly broadcast interviews with each applicant in the pool. The panel will then narrow the pool of 90 individuals down to 45 (15 from the first major political party; 15 from the second major political party; and 15 from neither the first nor second major political parties). Randomly, by draw, the 4 partisan retired judges will then blindly select 6 names out of the pool of 45 to be members of the commission (2 from the first major political party; 2 from the second major political party; and 2 from neither the first nor second major political parties). The 6 randomly drawn individuals will then review the applications of the remaining 39 individuals not randomly drawn and select the final 9 individuals to serve with them on the commission, the majority of which shall be from the first and the second major political parties (3 from the first major political party, 3 from the second major political party, and 3 from neither the first nor second major political parties).</p><p>7. Require the affirmative votes of 9 of 15 members of the appointed commission to create legislative and congressional districts. If the commission is not able to determine a plan by September 19, 2025, or July 15 of every year ending in one, the following impasse procedure will be used: for any plan at an impasse, each commissioner shall have 3 days to submit no more than one proposed redistricting plan to be subject to a commission vote through a ranked-choice selection process, with the goal of having a majority of the commission members rank one of those plans first. If a majority cannot be obtained, the plan with the highest number of points in the ranked-choice process is eliminated, and the process is repeated until a plan receives a majority of first-place rankings. If the ranked-choice process ends in a tie for the highest point total, the tie shall be broken through a random process.</p><p>8. Limit the right of Ohio citizens to freely express their opinions to members of the commission or to commission staff regarding the redistricting process or proposed&nbsp;redistricting plans.</p><p>9. Require the commission to immediately create new legislative and congressional districts in 2025 to replace the most recent districts adopted by the citizens of Ohio through their elected representatives.</p><p>10. Impose new taxpayer-funded costs on the State of Ohio to pay the commission members, the commission staff and appointed special masters, professionals, and private consultants that the commission is required to hire; and an unlimited amount for legal expenses incurred by the commission in any related litigation.</p><p>If approved, the amendment will be effective 30 days after the election.</p><p>SHALL THE AMENDMENT BE APPROVED?</p>",,"https://ballotpedia.org/Ohio_Issue_1,_Establish_the_Citizens_Redistricting_Commission_Initiative_(2024)"
Rhode Island Cultural Arts and Economy Grant Program Bond Measure (2024),Cultural Arts and Economy Grant Program Bond Measure,552,RI,Rhode Island,State,ocd-division/country:us/state:ri,2024-11-05,On the ballot,Bond issue,Bond issues,"Issue $10 million in bonds for funding for 1:1 matching grants to continue the Cultural Arts and Economy Grant program administered by the Rhode Island state council on the arts, and for improvements and renovations to the Tomaquag Museum, the Newport Contemporary Ballet, and the Trinity Repertory Company","<p>A <span style=""font-weight: 700;"">""yes""</span> vote <u>supports</u> issuing $10 million in bonds for funding for 1:1 matching grants to continue the Cultural Arts and Economy Grant program administered by the Rhode Island state council on the arts, and for improvements and renovations to the Tomaquag Museum, the Newport Contemporary Ballet, and the Trinity Repertory Company.</p>","<p>A <span style=""font-weight: 700;"">""no""</span> vote <u>opposes</u> issuing $10 million in bonds for funding for 1:1 matching grants to continue the Cultural Arts and Economy Grant program administered by the Rhode Island state council on the arts, and for improvements and renovations to the Tomaquag Museum, the Newport Contemporary Ballet, and the Trinity Repertory Company.</p>",,,,,https://ballotpedia.org/Rhode_Island_Cultural_Arts_and_Economy_Grant_Program_Bond_Measure_(2024)
"Florida Amendment 5, Annual Inflation Adjustment for Homestead Property Tax Exemption Value Amendment (2024)",Amendment 5,521,FL,Florida,State,ocd-division/country:us/state:fl,2024-11-05,On the ballot,Legislatively referred constitutional amendment,Property; Taxes,Provide for an annual inflation adjustment for the value of the homestead property tax exemption,"<p>A ""<strong>yes</strong>"" vote <u>supports</u> an annual inflation adjustment to the amount of assessed value that is exempt from property taxation.</p>","<p>A ""<strong>no</strong>"" vote <u>opposes</u> an annual inflation adjustment to the amount of assessed value that is exempt from property taxation.</p>",,,"<p style=""text-align: center;"">CONSTITUTIONAL AMENDMENT</p><p style=""text-align: center;"">ARTICLE VII, SECTION 6</p><p style=""text-align: center;"">ARTICLE XII</p><p>
ANNUAL ADJUSTMENTS TO THE VALUE OF CERTAIN HOMESTEAD EXEMPTIONS.—Proposing an amendment to the State Constitution to require an annual adjustment for inflation to the value of current or future homestead exemptions that apply solely to levies other than school district levies and for which every person who has legal or equitable title to real estate and maintains thereon the permanent residence of the owner, or another person legally or naturally dependent upon the owner is eligible. This amendment takes effect January 1, 2025.</p>",,"https://ballotpedia.org/Florida_Amendment_5,_Annual_Inflation_Adjustment_for_Homestead_Property_Tax_Exemption_Value_Amendment_(2024)"
Colorado Initiative and Referendum Filing and Judicial Retention Filing Deadlines Amendment (2024),Initiative and Referendum Filing and Judicial Retention Filing Deadlines Amendment,517,CO,Colorado,State,ocd-division/country:us/state:co,2024-11-05,On the ballot,Legislatively referred constitutional amendment,Direct democracy measures; State judiciary,Change deadlines for filing initiative and referendum petition signatures and judicial retention notice deadlines to remove one week in order to allow one extra week for the secretary of state to certify ballot order and content and election officials' deadline to transmit ballots,"<p>A ""<strong>yes</strong>"" vote <u>supports</u> changing the signature deadline for initiative and referendum signature gathering, thereby shorting the collection period by one week, as well as moving the deadline for justices and judges to file declarations of intent to run for another term  by one week, in order to allow one extra week for the secretary of state to certify ballot order and content and election officials' deadline to transmit ballots. </p>","<p>A ""<strong>no</strong>"" vote <u>opposes</u> changing the signature deadline for initiative and referendum signature gathering, thereby shorting the collection period by one week, as well as moving the deadline for justices and judges to file declarations of intent to run for another term  by one week, in order to allow one extra week for the secretary of state to certify ballot order and content and election officials' deadline to transmit ballots. </p>",,,Shall there be an amendment to the Colorado constitution concerning the modification of certain deadlines in connection with specified elections?,,https://ballotpedia.org/Colorado_Initiative_and_Referendum_Filing_and_Judicial_Retention_Filing_Deadlines_Amendment_(2024)
Minnesota Continue to Provide Lottery Revenue to Environment and Natural Resources Fund Amendment (2024),Environment and Natural Resources Fund Amendment,535,MN,Minnesota,State,ocd-division/country:us/state:mn,2024-11-05,On the ballot,Legislatively referred constitutional amendment,"Natural resources; State and local government budgets, spending, and finance; Environment",Extend the dedication of lottery-derived revenue to Environment and Natural Resources Fund for 25 years,"<p>A <strong>""yes""</strong> <u>vote</u> supports this ballot measure to:</p><p>• extend the dedication of revenue from the state-operated lottery to the Environment and Natural Resources Fund through December 31, 2050;<br></p><p>• increase the amount of money that can be spent from the fund each year from 5.5% to 7.0% of the fund's market value; and<br></p><p>• create a grant program to provide funding for projects related to addressing environmental issues in affected communities, environmental education, and natural resource conservation.<br></p>","<p>A <strong>""no""</strong> vote <u>opposes</u> this ballot measure, thus ending the dedication of revenue from the state-operated lottery on December 31, 2024.</p>",,,,,https://ballotpedia.org/Minnesota_Continue_to_Provide_Lottery_Revenue_to_Environment_and_Natural_Resources_Fund_Amendment_(2024)
"California Proposition 36, Drug and Theft Crime Penalties and Treatment-Mandated Felonies Initiative (2024)",Proposition 36,516,CA,California,State,ocd-division/country:us/state:ca,2024-11-05,On the ballot,Initiated state statute,Law enforcement,"Increase drug crime and theft penalties and allow a new class of crime to be called treatment-mandated felony, which gives the offender the option to participate in drug and mental health treatment","<p>A ""<strong>yes</strong>"" vote <u>supports</u> making changes to Proposition 47 approved in 2014, including:</p><p><ul><li>classifying certain drug offenses as <em>treatment-mandated felonies</em>;<br></li><li>increasing penalties for certain drug crimes by increasing sentence lengths and level of crime;<br></li><li>requiring courts to warn individuals convicted of distributing illegal drugs of their potential future criminal liability if they distribute deadly drugs like fentanyl, heroin, cocaine, and methamphetamine; and<br></li><li>increasing sentences for theft based on the value of the property stolen.&nbsp;</li></ul></p>","<p>A ""<strong>no</strong>"" vote <u>opposes</u> this initiative that makes changes to Proposition 47 (2014), thereby maintaining certain drug and theft crimes as misdemeanors.</p>",,,<p>Allows felony charges and increases sentences for certain drug and theft crimes. Initiative statute.</p>,,"https://ballotpedia.org/California_Proposition_36,_Drug_and_Theft_Crime_Penalties_and_Treatment-Mandated_Felonies_Initiative_(2024)"
California Oil and Gas Well Regulations Referendum (2024),Oil and Gas Well Regulations Referendum,516,CA,California,State,ocd-division/country:us/state:ca,2024-11-05,Not on the ballot,Veto referendum,Natural resources; Energy; Business regulation,"Repeals Senate Bill 1137, which prohibits new oil and gas wells within health protection zones","<p>A vote to ""<strong>keep the law</strong>"" would have&nbsp;<u>upheld</u> Senate Bill 1137 (SB 1137), which prohibits new oil and gas wells within 3,200 feet of homes, schools, nursing homes, and hospitals and require companies to adopt health, safety, and environmental requirements.</p>","<p>A vote to ""<strong>overturn the law</strong>"" would have&nbsp;<u>repealed</u> Senate Bill 1137 (SB 1137), thus keeping the law from taking effect.</p>",,,"<p>Referendum challenging 2022 law prohibiting new oil and gas wells near homes, schools, and hospitals.<br></p>",,https://ballotpedia.org/California_Oil_and_Gas_Well_Regulations_Referendum_(2024)
"California Gender and Transgender-Related Policies in Schools, Sports, and Medicine Initiative (2024)","Gender and Transgender-Related Policies in Schools, Sports, and Medicine Initiative",516,CA,California,State,ocd-division/country:us/state:ca,2024-11-05,Cleared for signature gathering,Initiated state statute,Education; LGBTQ issues,,,,,,,,"https://ballotpedia.org/California_Gender_and_Transgender-Related_Policies_in_Schools,_Sports,_and_Medicine_Initiative_(2024)#Sponsors"
"South Dakota Constitutional Amendment F, Medicaid Work Requirement Amendment (2024)",Constitutional Amendment F,554,SD,South Dakota,State,ocd-division/country:us/state:sd,2024-11-05,On the ballot,Legislatively referred constitutional amendment,Healthcare,"Amend the South Dakota Constitution to provide that the state ""may impose a work requirement on any person ... who has not been diagnosed as being physically or mentally disabled"" for eligible individuals to receive Medicaid under the Medicaid expansion that took effect on July 1, 2023","<p>A <strong>""yes""</strong> vote <u>supports</u> amending the South Dakota Constitution to provide that the state may impose a work requirement on eligible individuals who are not diagnosed as being mentally or physically disabled in order to receive Medicaid under the Medicaid expansion that took effect on July 1, 2023.</p>","<p>A <span style=""font-weight: 700;"">""no""</span> vote <u>opposes</u> amending the South Dakota Constitution to provide that the state may impose a work requirement on eligible individuals who are not diagnosed as being mentally or physically disabled in order to receive Medicaid  under the Medicaid expansion that took effect on July 1, 2023.</p>",,,,,"https://ballotpedia.org/South_Dakota_Constitutional_Amendment_F,_Medicaid_Work_Requirement_Amendment_(2024)"
"California Proposition 34, Require Certain Participants in Medi-Cal Rx Program to Spend 98% of Revenues on Patient Care Initiative (2024)",Proposition 34,516,CA,California,State,ocd-division/country:us/state:ca,2024-11-05,On the ballot,Initiated state statute,Healthcare,Requires health care providers to spend 98% of revenues from federal discount prescription drug program on direct patient care,"<p>A ""<strong>yes</strong>"" vote <u>supports:</u>&nbsp;</p><p><ul><li>requiring health care providers&nbsp;that spent over $100 million in any 10-year period on anything other than direct patient care and operated multifamily housing with over 500 high-severity health and safety violations to spend 98% of revenues from the federal discount prescription drug program on direct patient care;</li><li>penalizing violators of the initiative with loss of tax-exempt status and licenses to operate health insurance plans, pharmacies, and clinics; and</li><li>permanently authorizing Medi-Cal RX in state law.</li></ul></p>","<p>A ""<strong>no</strong>"" vote <u>opposes</u>&nbsp;this initiative to penalize health care providers who spend revenues from the federal discount prescription drug program on purposes other than direct patient care.</p>",,,<p>Restricts spending by health care providers meeting specified criteria. Initiative statute.<br></p>,,"https://ballotpedia.org/California_Proposition_34,_Require_Certain_Participants_in_Medi-Cal_Rx_Program_to_Spend_98%25_of_Revenues_on_Patient_Care_Initiative_(2024)"
"Arizona Proposition 136, Legal Challenges to Constitutionality of Initiatives Amendment (2024)",Proposition 136,514,AZ,Arizona,State,ocd-division/country:us/state:az,2024-11-05,On the ballot,Legislatively referred constitutional amendment,Direct democracy measures,Provide for challenges to an initiative measure or constitutional amendment after the filing of the measure with the secretary of state,"<p>A <strong>""yes""</strong> vote <u style="""">supports</u>&nbsp;providing for challenges to an initiative measure or constitutional amendment after the filing of the measure with the secretary of state.</p>","<p>A <span style=""font-weight: 700;"">""no""</span> vote <u>opposes</u>&nbsp;providing for challenges to an initiative measure or constitutional amendment after the filing of the measure with the secretary of state.</p>",,,,,"https://ballotpedia.org/Arizona_Proposition_136,_Legal_Challenges_to_Constitutionality_of_Initiatives_Amendment_(2024)"
"Maine Question 4,  Development and Maintenance of Trails Bond Issue (2024)",Question 4,531,ME,Maine,State,ocd-division/country:us/state:me,2024-11-05,On the ballot,Bond issue,Bond issues,Authorize $30 million in general obligation bonds for the development and maintenance of outdoor trails,"<p>A <strong>""yes""</strong> vote <u>supports</u> authorizing&nbsp;$30 million in general obligation bonds for the development and maintenance of outdoor trails.</p>","<p>A <span style=""font-weight: 700;"">""no""</span> vote <u>opposes</u> authorizing&nbsp;$30 million in general obligation bonds for the development and maintenance of outdoor trails.</p>",,,"<p>""Do you favor a $30,000,000 bond issue to invest in the design, development and maintenance for nonmotorized, motorized and multiuse trails statewide, to be matched by at least $3,000,000in private and public contributions?""</p>",,"https://ballotpedia.org/Maine_Question_4,_Development_and_Maintenance_of_Trails_Bond_Issue_(2024)"
